Customer Id,First Name,Last Name,Company,City,Country,Phone 1,Phone 2,Email,Subscription Date,Website
45dd324a-fb0f-49,Jason,Archer,Thomas-Carlson,New Christopherside,Somalia,001-493-077-0319x60273,001-424-199-8089x6114,kathrynfischer@yahoo.com,2023-07-04,https://www.keith-arroyo.biz/
d66b5a9f-9f1a-45,Carrie,Mckinney,Clark-Delacruz,Darleneland,Antigua and Barbuda,001-872-481-3319,361.647.1195x4993,lortega@mckay.com,2022-07-17,http://young.com/
557fa3f3-81c2-46,Lisa,Diaz,Atkinson-Williams,Hillborough,Gabon,423.071.0191x24285,224-812-6105x726,pmendoza@gmail.com,2024-04-03,http://www.keith.com/
0858fcf6-ae5f-4c,Tanner,Wood,Delacruz-Holt,Murphyhaven,French Polynesia,992-273-1012x1982,615.487.1127x74443,ryantucker@gmail.com,2024-06-19,https://www.wood-coleman.net/
b4d17245-ff34-45,Tamara,Carey,Yoder Inc,East Justinshire,Qatar,540-200-5160x938,001-756-500-8500x189,markmolina@ward.com,2022-06-11,https://dickson.info/
6b54de24-1eeb-4a,Andrea,Gutierrez,Hendricks-Avila,Lake Ashleyberg,Mongolia,1396802336,(047)082-2118,olsonpaul@hotmail.com,2023-03-21,http://nelson-hensley.com/
2940ba34-45dd-44,Christine,Foley,Holt Inc,Mccoyborough,Tunisia,873.510.8548x9894,+1-193-141-5779x5438,isaaclewis@gmail.com,2022-11-30,http://www.stuart.net/
214fd09f-a014-4f,Thomas,Williams,Guzman LLC,South Sydney,Japan,984-737-0850,(012)045-4824x303,william54@kirby.biz,2023-08-21,https://robinson.com/
07741cf5-0b3f-4c,Tanya,Kidd,Marshall-Montgomery,Webbfort,Falkland Islands (Malvinas),(967)902-6954x901,(164)629-0801x724,whayes@king.biz,2023-09-26,http://www.mejia.com/
2d9a44da-a8d8-45,Jessica,Barnett,Wiley-Harris,East Jeffstad,Iran,040-134-7699x059,338-881-9577,tanya51@gmail.com,2023-08-27,http://www.webster.com/
510dc667-f10f-4e,Deborah,Heath,Hicks Group,Destinyton,Guadeloupe,809-488-3296,986-594-1065x3531,martinezmichaela@yahoo.com,2023-01-06,https://davies.com/
cdd2dfc1-ab6e-46,Lisa,Ferguson,Lara LLC,West Evanchester,South Georgia and the South Sandwich Islands,+1-653-960-0362x7511,986-937-9987,parsonsdennis@moore.com,2024-01-04,https://www.burns-rogers.com/
2907a043-367a-4b,Andrew,Peters,"Ellis, Kelley and Hayes",Andrewhaven,Dominican Republic,001-115-439-4239x20532,(108)840-7047,johnathanjacobson@hotmail.com,2022-01-31,http://welch-woods.com/
65ca3c4c-3549-45,Robert,Perez,Sanders-Palmer,Lake Thomas,Burundi,+1-017-990-6689x41223,628-159-5488x70839,donald34@hotmail.com,2023-09-04,http://www.fowler.com/
d008d7a0-2316-45,Daniel,Fisher,Wood and Sons,Bellburgh,Zambia,2361156856,844.702.6689x24752,salexander@hotmail.com,2024-08-04,https://www.wagner.biz/
2e545626-5c4a-40,Kaitlyn,Russell,Griffin-Bonilla,West Amberville,Palau,+1-007-954-8577x12916,(491)035-4419,vanessa43@hotmail.com,2023-06-24,https://www.campbell-brewer.com/
46fbea2b-cf2e-47,Nicholas,Dixon,"Potter, Jones and Kramer",Samuelton,Niue,(949)544-1046x492,230-803-1602,victoria43@jackson.info,2023-04-09,http://castro.info/
07bbf17f-e061-4c,Alyssa,Garcia,Lloyd Group,Hodgesborough,Belarus,+1-231-153-2662,5399035644,iwilliams@richardson.com,2022-06-25,http://www.leonard.biz/
d7ad897b-a49b-4f,Nicholas,Avery,"Johnson, Boyle and Suarez",Lake Christianfort,Niger,(908)535-1726x712,071-076-4981x3001,justin11@yahoo.com,2023-04-08,http://www.manning-hall.com/
c9c9a5a3-3c0a-43,Mary,Hawkins,Johnson-Mack,West Don,Saint Martin,+1-448-063-8444,+1-733-097-8059x650,waynebeck@hotmail.com,2024-07-30,http://www.craig.com/
4fa6b7c4-0d82-47,Carl,Calhoun,"Larson, Mason and Taylor",East Kathryn,Chile,(847)908-6282x29853,282.884.4872x32877,raymond94@hotmail.com,2023-01-21,http://smith-avila.com/
d5e9f697-5518-4d,Andrew,Romero,Rogers-Mitchell,Stephaniemouth,Niue,964-561-3201x27697,(721)729-7408,nixonwilliam@nielsen-hamilton.com,2023-02-22,https://www.lopez.com/
86a7e3d8-0d68-41,David,Blair,Martinez Inc,Raymondborough,Oman,235.858.8996x4889,+1-182-109-1700x9159,stephanie94@patterson.biz,2023-09-28,https://www.castro.biz/
c56b544f-ce7d-44,Jasmine,Norton,"Cochran, Reyes and Stevenson",Gordonbury,Philippines,(356)641-3033,464.711.4284,stevenduarte@hotmail.com,2024-06-25,http://www.rodriguez-nixon.com/
87bdc7ad-7f3a-46,Rhonda,Taylor,Garcia LLC,New Nancychester,Mayotte,(651)854-2244,001-637-379-7019,jennifer97@yahoo.com,2024-02-27,https://gibbs.com/
9941a213-881c-4d,Jessica,Lutz,Walters-Gonzalez,Lyonsport,Malta,001-464-351-4040,(244)468-2602,combsjeremy@hotmail.com,2023-09-26,http://myers.com/
d06e8d5b-aaf3-4b,April,King,"Larson, Brown and Newman",West Rebeccamouth,Chad,(535)828-1093x70832,171-042-8868x996,zacharylewis@giles-richards.net,2023-12-09,https://curtis.com/
fd4230a9-35ba-47,Shelley,Taylor,"Burch, Kaufman and Jones",South Frank,Paraguay,052-706-7378,547.793.2144,beverly18@cardenas.com,2024-05-04,https://long-henderson.com/
991ef83c-6a58-41,Angela,Richmond,"Park, Monroe and Floyd",Peterfort,Dominica,501-556-4996x918,962.387.7886,xthompson@hotmail.com,2022-07-01,http://coleman-williams.com/
d6726ad7-a522-4c,Dana,Mcknight,"Moore, Freeman and Andrade",Thomasland,Rwanda,001-113-147-2817x740,1709275026,ambermack@hotmail.com,2023-03-04,http://newman-orr.org/
4237e7a7-acae-41,Edward,Diaz,"Cooper, Jackson and Berger",Lake Codystad,Kuwait,+1-130-071-1475x5375,+1-840-070-0721,hermanlisa@gmail.com,2024-03-15,https://smith-bernard.org/
f0585a18-b303-45,Jennifer,Johnson,"Howard, Santos and Simmons",Drakestad,Nigeria,001-795-192-1352x99477,003.709.5831,moniquegregory@gmail.com,2022-06-24,https://perez.net/
2acc9df0-1e78-4c,Christine,Dunlap,"Franklin, Davis and Wells",Lake Jenniferview,Maldives,7050718894,+1-180-628-9887x6235,orozcoamy@tanner.biz,2023-11-21,https://www.long.info/
463ba7f7-9228-4c,Sarah,Walker,Martin-Cantrell,East Jessica,Zambia,216-266-3977x87703,242-049-0052x724,julie12@yahoo.com,2024-05-15,http://www.stein.net/
e16a7584-f802-43,Devin,Livingston,Young and Sons,Port Troyfurt,Sweden,+1-190-356-1721x05624,001-216-817-9070x5510,cheryl22@hall.info,2024-08-21,http://www.harmon.com/
81bd75a0-5cb3-4e,Emily,Duncan,Perez Inc,Rebeccaside,Syrian Arab Republic,837.898.7103,001-639-002-3249x53151,marielang@skinner.info,2024-02-18,https://mcdowell.biz/
633f226f-f7d3-43,Michael,Silva,Smith-Jensen,Scottberg,Dominican Republic,979-465-4309,+1-199-871-4585x3870,sross@todd.com,2022-02-10,https://jones.info/
6cfe837d-fe9c-45,Elizabeth,Woods,Stone-Browning,Port Catherinestad,Japan,+1-231-799-0812x11061,(901)076-9456,yhill@sullivan.com,2022-11-19,https://www.williams.com/
c7986a26-e675-43,James,Boyd,"Bell, Stevens and Griffin",Jessicaberg,Panama,623.807.4604,+1-732-057-4626,hornemichelle@park.org,2024-08-07,https://www.thompson.com/
67c24ba2-38ad-4d,Brooke,Deleon,Sanders-Oliver,New William,Martinique,001-323-245-5701x48790,660-834-3732x2152,herringfrank@hotmail.com,2024-05-03,http://mahoney.biz/
b236f2ea-2433-4a,Adam,Silva,Fisher-Edwards,Jessicaport,Panama,363.826.2392,342-576-3996,david62@hotmail.com,2023-09-02,http://www.williams.biz/
dfbcda9f-cb60-4f,Amy,Miller,"Miller, Nelson and Alvarez",Christianview,Sierra Leone,006-605-7008x65925,+1-483-812-7309x14444,kendra24@gutierrez-smith.com,2024-03-10,http://garcia.com/
22a67652-4105-4f,Johnny,Johnson,Henderson-Mcdaniel,Warrenfort,Saint Vincent and the Grenadines,521.153.1100,001-651-030-9665x992,lewisjulie@pearson.com,2024-05-24,https://bell.com/
c3613acd-ca80-42,Larry,Smith,"Terrell, Williams and Hendrix",New Jacobview,Grenada,1786354848,001-392-111-1705x193,vgarner@hall-hayes.com,2021-11-22,http://www.arnold-cantrell.net/
1be13b2a-9960-4e,Harold,Armstrong,"Martin, Gates and Rogers",Prestonport,British Indian Ocean Territory (Chagos Archipelago),(696)363-3684,+1-787-910-1970,wadams@velez-turner.com,2022-01-10,https://meyer.com/
be9da9dd-3704-4a,Tina,Patton,Hamilton-Douglas,Port Kimberlyview,Jamaica,+1-403-212-9873x3607,+1-816-816-2123x89732,bbailey@reynolds.info,2022-07-26,http://www.flores-harrison.org/
8be4e3da-208a-44,Zachary,Miller,Powers Inc,Georgehaven,Tokelau,146-401-7670x1657,917-349-4650,qhogan@gmail.com,2023-11-22,https://jones.info/
a5ca2bb7-cf02-46,Amy,Ross,Smith-Stanley,New Allen,Estonia,9155021953,101.530.0490x7207,yhouse@hotmail.com,2024-01-24,https://www.baldwin-rhodes.biz/
4c18d7fa-1e33-47,Kristen,Williams,"Wall, Noble and Holder",Smithshire,Puerto Rico,(666)077-9206x9083,994-828-2132,karina80@johnson.info,2022-10-26,http://www.collins.biz/
869fefc0-164a-45,William,Contreras,Williams-Rodriguez,South Daniellestad,Barbados,138-281-5344x7068,001-932-687-7279,nicholaslane@brewer.biz,2022-05-29,http://crane.com/
f0cfb325-4545-46,Jonathan,Harper,Webster-Stanley,Port Sean,Costa Rica,388.526.7612,0975673282,stevengross@yahoo.com,2022-10-19,https://evans-hall.net/
245a7da0-5258-43,Rachel,Clark,Johnson Inc,East Bobbyburgh,South Georgia and the South Sandwich Islands,997.818.9965x3346,492-528-7521x989,holdenbrian@arroyo-simon.com,2024-07-12,https://www.cook-clark.net/
2501d24d-af9c-45,Jean,Lee,Lopez Ltd,West Kristiberg,Iceland,206-515-1780,+1-441-493-6412x291,vtaylor@taylor.com,2022-03-15,https://roberts-tate.com/
afd1415a-a841-48,Cody,Swanson,"English, Savage and Martinez",South Brian,Guinea,0996047442,(529)103-6697x4858,lindseykelly@yahoo.com,2024-03-15,https://mclean.com/
bfc58f77-dc94-48,Krystal,Sweeney,Brown Inc,Tuckerberg,Uzbekistan,001-179-901-8961x1991,5670232737,heidiwilkins@brown.biz,2022-03-15,http://www.garcia.com/
73f830d3-6361-4e,Shawn,Moss,Brown-Miller,Warrenport,Austria,462-671-0480x8238,001-857-260-3136x6147,guerrerodouglas@taylor-tanner.com,2022-01-02,http://nguyen-wells.com/
99e53055-b97f-40,Jason,Lee,Chavez-Gonzalez,North Bethtown,Saint Barthelemy,(951)086-6255x8413,1197837759,pam66@durham.biz,2022-10-03,https://davis.com/
d4979c62-d7be-40,Lorraine,Diaz,Cummings-Smith,Port Richard,Burundi,984-355-0585,+1-866-327-5137,idaniels@montoya.org,2021-11-04,https://mullins-crawford.info/
9dd704a7-8b2b-4c,Carrie,Taylor,Garza-Brown,Lake Anthony,Bosnia and Herzegovina,+1-444-100-8657x48400,098-381-9373,marybrown@payne.com,2024-01-25,https://www.yu.com/
3bb26843-a2af-4a,Bradley,Knight,Watts-Flores,Stevenside,Peru,575.551.3593x29550,935-203-2794x64494,fbishop@hotmail.com,2022-12-19,http://stone.com/
5e4d92b6-9194-4f,Veronica,Moore,"Scott, May and Weber",West Charleston,Martinique,(875)420-3294x33482,429.493.0980,martinezlinda@yahoo.com,2022-05-03,http://cook.com/
c3fcc87d-b76f-4e,Amber,Evans,Lee Ltd,Washingtonside,Nauru,603.947.1285x775,(763)637-2401x7829,galvanbrittany@ball-stone.info,2023-06-01,http://gonzales-baker.biz/
9b0a7b9a-cab1-42,Jim,Freeman,Sullivan Group,North Ernestland,Marshall Islands,(657)978-8840x6706,680.638.8466x8055,nhall@hotmail.com,2022-02-17,https://www.russell.info/
efcb767d-e818-46,Shannon,Yates,Rodriguez LLC,Vegastad,Serbia,+1-230-027-3914,550-370-5852x17910,tyler57@hotmail.com,2024-01-14,http://anderson-moses.biz/
fb249f97-ffaf-4f,Danielle,Aguilar,Oliver Group,North Clintonhaven,American Samoa,177.678.1507x00031,(474)788-1804,omartin@garcia.com,2023-07-04,http://allen.net/
11108cfc-f7ce-49,Yvonne,Schmidt,Chan LLC,West Monica,Libyan Arab Jamahiriya,001-914-245-2571x76627,001-856-981-3116,mparks@peterson.com,2022-02-14,http://francis.info/
a49b3a20-0453-4b,Amanda,Sanchez,Smith-Miller,South Abigail,Serbia,956.337.1769x881,106-470-0631,savannahlambert@randall.com,2022-12-22,https://baker-hines.org/
86cb8c5b-4fe7-47,Nancy,Sparks,Schroeder-Wilson,Jordanside,United Kingdom,+1-880-773-0712x418,(294)952-5308x95799,fnorton@gmail.com,2022-05-30,https://www.hines-campbell.com/
98f29076-6771-44,Jennifer,Harris,"Ramsey, Nolan and Allen",Davismouth,Monaco,697.185.9924x02161,4524808750,julie02@castro-bell.com,2022-09-09,https://kemp-foster.org/
16a27f93-3546-48,Christopher,Vasquez,Anderson-Gonzalez,South Nicholas,Czech Republic,208.899.5749x5977,+1-315-071-2031,woodardaaron@rogers-martin.com,2022-12-28,http://www.pham.info/
dfe78832-029b-45,Javier,Murphy,"Armstrong, King and Bennett",Lake Christopher,Cape Verde,4723716360,(331)815-7169,oneillnicholas@gmail.com,2024-08-10,https://www.thompson.org/
588c23b0-0aad-40,John,Roberts,Allison-Cook,Ronaldside,Bhutan,366.846.6263x281,+1-689-436-4554,kvasquez@cisneros.com,2022-04-16,https://manning-garcia.org/
83374f53-aebb-4e,Cathy,Brown,Collins PLC,Traciland,Chad,048-589-8054x581,+1-798-317-9548x44240,russellbaldwin@norris.com,2023-12-29,http://www.reyes-dunn.com/
6699a2ed-da43-46,Brenda,Holloway,Williams-Obrien,New Catherineside,Palestinian Territory,281-831-8885x102,023-946-1854x136,ismith@gmail.com,2024-06-17,http://cross.com/
fc82f9cf-4efb-47,Holly,Chan,"Myers, Gomez and Bradley",South Johnburgh,United Arab Emirates,920.742.1119,(261)650-6016x0445,wbrown@yahoo.com,2023-04-03,http://nelson.com/
d3e89b78-ba50-42,Jeffery,Ortiz,"Miller, Weber and Gibbs",New Ryanfurt,Finland,911-442-7501x587,243-827-5467,wfaulkner@haas.com,2023-10-26,https://simpson.biz/
8d999ad7-b32f-49,Valerie,Moore,"Li, Evans and Dudley",West Julieberg,Australia,977-034-8877x0809,001-467-431-5376,xmedina@gmail.com,2024-02-12,http://www.savage-roman.info/
4b43622c-4f3e-45,Heather,Klein,Blankenship-Johnson,Dudleybury,Oman,001-820-987-4286x764,+1-926-751-8637,randycisneros@yahoo.com,2023-12-11,https://www.orr.com/
7d2a30b2-05a4-40,Elijah,Anderson,"Oliver, Daniel and Ramirez",Reillymouth,Marshall Islands,1340837155,491.336.3993x815,john11@yahoo.com,2023-08-04,http://garza.com/
10bdaac1-e745-4d,John,Ware,"Savage, Ortiz and Francis",North Kelly,France,001-288-445-7229x7267,001-077-767-9957x672,frostmark@gmail.com,2023-10-11,http://www.murray.com/
8f4d453c-ba12-4a,William,Waller,Webb-Parks,New Gregoryhaven,Japan,2399183304,566.866.1994,peterdavila@yahoo.com,2024-04-19,https://www.davidson-rogers.biz/
72eca1a4-e29d-44,Brandon,Tran,Stanton-Robinson,Port Michele,Ukraine,9234002589,415-008-9370,cabbott@yahoo.com,2023-06-18,https://larson.net/
bc37d715-11ef-49,Julie,Ali,Bailey Ltd,East Ericahaven,Guam,4440608811,(067)248-3408x3326,christyhanson@singleton.info,2022-01-24,http://www.moran.info/
ee522cce-864f-40,Karen,Johnson,"Murphy, Mcdowell and Adams",Lake Patrick,Canada,6839382508,711.015.6556x386,jonesjamie@thompson-campbell.com,2023-07-03,https://thomas.info/
e9ede259-0e5e-43,Michael,Ramirez,Owens-Marsh,Angelamouth,Nepal,(994)662-5598,4488403860,ghampton@yahoo.com,2023-03-19,https://martinez-sanchez.com/
9e41cb57-583d-4c,Christopher,Cook,Taylor Ltd,Johnstad,Lebanon,+1-539-890-9387x8663,(271)243-7556,amarshall@yahoo.com,2023-11-21,http://www.allen.com/
62804446-2493-40,Eduardo,Scott,Thompson-Simmons,North Kaylachester,Eritrea,001-687-933-4215x9566,3582424860,sandra64@gmail.com,2023-06-13,https://www.wood.info/
dcfec131-051d-47,Pamela,Smith,Sutton-Walker,Richardton,Qatar,(860)817-9200x2920,+1-985-101-9749x60058,zbowman@reyes.com,2022-11-10,https://www.watson.com/
3070c6f8-7128-4d,Raymond,Lam,Bond-Roberts,Jillfort,Central African Republic,789-929-4717x2098,694-506-3645x564,darrennelson@yahoo.com,2022-09-27,http://www.hardy-moore.org/
dbf47cb0-57cf-41,Randy,Dennis,Elliott Group,Bakerview,China,(295)182-4281,(969)955-9674x932,mnorman@hotmail.com,2024-04-23,http://www.griffin-rojas.com/
69b55074-f13f-4d,Laura,Tate,Lee-Smith,Johnsonbury,Somalia,588.851.5582x45354,+1-316-497-4390x24883,thompsondaniel@hotmail.com,2021-12-07,https://trevino.org/
7348a906-2da7-45,Mary,Smith,Hebert Ltd,Whitneyland,Gibraltar,590.241.8258,185.704.2476x9465,hsmith@matthews-johnson.com,2024-09-05,http://www.ortiz.com/
a680de84-4df6-40,Brian,Wilson,Brooks Group,North Suzanne,Greenland,5362494279,001-087-561-0337x430,whitakerjames@bishop-ferguson.com,2024-10-28,https://harris-howell.com/
a01838cb-f10d-48,Scott,Green,Thompson Ltd,Milesside,Bahamas,(753)416-0596,(099)428-5760x9212,ryanchristine@gomez.com,2023-06-15,http://zamora-hahn.com/
3f802952-9421-4a,Danny,Watts,Gonzalez Group,Davisville,Swaziland,243.975.4474x32570,+1-137-892-9974,dsmith@howard.com,2023-01-28,https://smith.org/
a4f2d768-5a9b-4a,Barry,Andersen,Bernard Group,Hobbsland,Barbados,(667)674-3006x76105,900.647.5364x300,courtney54@hernandez.com,2023-06-30,http://anderson.com/
74f8d322-9e90-43,Hector,Meza,Bryant-Dudley,Riceside,Korea,274.025.6634x134,001-453-337-5168,kristenrodriguez@lowe-holmes.info,2024-10-05,http://www.tucker-hudson.info/
71293fd0-80fe-4b,Shane,Reed,"Howard, Green and Blevins",North Robertfort,Romania,(972)876-0778x739,807.202.5545x1996,jcummings@yahoo.com,2022-06-29,https://www.vazquez.com/
3ee864a9-1f06-48,Karina,Hahn,"Cox, May and Petersen",Cartermouth,Svalbard & Jan Mayen Islands,001-588-264-3151x9571,1335327266,nathan46@long.org,2022-04-08,http://barr.biz/
e645a959-27df-49,Kendra,Keller,"Werner, Martinez and Jones",Stuartmouth,Sao Tome and Principe,862-734-4496x3680,876.426.7502x394,jonesjason@yahoo.com,2023-07-22,http://campbell.com/
